{
  "css/style.css": 1642449803868,
  "Component.js": 1642449803866,
  "model/models.js": 1642449803871,
  "controller/bidmap.controller.js": 1642449803867,
  "manifest.json": 1642797054720,
  "manifest-bundle.zip": 1642797054845,
  "Component-preload.js": 1642797055952,
  "model/models-dbg.js": 1642449803871,
  "controller/bidmap-dbg.controller.js": 1642449803867,
  "Component-dbg.js": 1642449803866,
  "view/bidmap.view.xml": 1642449803884,
  "i18n/i18n.properties": 1642449803868,
  "index.html": 1642449803869
}